buying,maint,doors,persons,lug_boot,safety,label
0,3,3,0,0,2,1,2
1,3,3,0,0,2,2,2
2,3,3,0,0,2,0,2
3,3,3,0,0,1,1,2
4,3,3,0,0,1,2,2
5,3,3,0,0,1,0,2
6,3,3,0,0,0,1,2
7,3,3,0,0,0,2,2
8,3,3,0,0,0,0,2
9,3,3,0,1,2,1,2
10,3,3,0,1,2,2,2
11,3,3,0,1,2,0,2
12,3,3,0,1,1,1,2
13,3,3,0,1,1,2,2
14,3,3,0,1,1,0,2
15,3,3,0,1,0,1,2
16,3,3,0,1,0,2,2
17,3,3,0,1,0,0,2
18,3,3,0,2,2,1,2
19,3,3,0,2,2,2,2
20,3,3,0,2,2,0,2
21,3,3,0,2,1,1,2
22,3,3,0,2,1,2,2
23,3,3,0,2,1,0,2
24,3,3,0,2,0,1,2
25,3,3,0,2,0,2,2
26,3,3,0,2,0,0,2
27,3,3,1,0,2,1,2
28,3,3,1,0,2,2,2
29,3,3,1,0,2,0,2
30,3,3,1,0,1,1,2
31,3,3,1,0,1,2,2
32,3,3,1,0,1,0,2
33,3,3,1,0,0,1,2
34,3,3,1,0,0,2,2
35,3,3,1,0,0,0,2
36,3,3,1,1,2,1,2
37,3,3,1,1,2,2,2
38,3,3,1,1,2,0,2
39,3,3,1,1,1,1,2
40,3,3,1,1,1,2,2
41,3,3,1,1,1,0,2
42,3,3,1,1,0,1,2
43,3,3,1,1,0,2,2
44,3,3,1,1,0,0,2
45,3,3,1,2,2,1,2
46,3,3,1,2,2,2,2
47,3,3,1,2,2,0,2
48,3,3,1,2,1,1,2
49,3,3,1,2,1,2,2
50,3,3,1,2,1,0,2
51,3,3,1,2,0,1,2
52,3,3,1,2,0,2,2
53,3,3,1,2,0,0,2
54,3,3,2,0,2,1,2
55,3,3,2,0,2,2,2
56,3,3,2,0,2,0,2
57,3,3,2,0,1,1,2
58,3,3,2,0,1,2,2
59,3,3,2,0,1,0,2
60,3,3,2,0,0,1,2
61,3,3,2,0,0,2,2
62,3,3,2,0,0,0,2
63,3,3,2,1,2,1,2
64,3,3,2,1,2,2,2
65,3,3,2,1,2,0,2
66,3,3,2,1,1,1,2
67,3,3,2,1,1,2,2
68,3,3,2,1,1,0,2
69,3,3,2,1,0,1,2
70,3,3,2,1,0,2,2
71,3,3,2,1,0,0,2
72,3,3,2,2,2,1,2
73,3,3,2,2,2,2,2
74,3,3,2,2,2,0,2
75,3,3,2,2,1,1,2
76,3,3,2,2,1,2,2
77,3,3,2,2,1,0,2
78,3,3,2,2,0,1,2
79,3,3,2,2,0,2,2
80,3,3,2,2,0,0,2
81,3,3,3,0,2,1,2
82,3,3,3,0,2,2,2
83,3,3,3,0,2,0,2
84,3,3,3,0,1,1,2
85,3,3,3,0,1,2,2
86,3,3,3,0,1,0,2
87,3,3,3,0,0,1,2
88,3,3,3,0,0,2,2
89,3,3,3,0,0,0,2
90,3,3,3,1,2,1,2
91,3,3,3,1,2,2,2
92,3,3,3,1,2,0,2
93,3,3,3,1,1,1,2
94,3,3,3,1,1,2,2
95,3,3,3,1,1,0,2
96,3,3,3,1,0,1,2
97,3,3,3,1,0,2,2
98,3,3,3,1,0,0,2
99,3,3,3,2,2,1,2
100,3,3,3,2,2,2,2
101,3,3,3,2,2,0,2
102,3,3,3,2,1,1,2
103,3,3,3,2,1,2,2
104,3,3,3,2,1,0,2
105,3,3,3,2,0,1,2
106,3,3,3,2,0,2,2
107,3,3,3,2,0,0,2
108,3,0,0,0,2,1,2
109,3,0,0,0,2,2,2
110,3,0,0,0,2,0,2
111,3,0,0,0,1,1,2
112,3,0,0,0,1,2,2
113,3,0,0,0,1,0,2
114,3,0,0,0,0,1,2
115,3,0,0,0,0,2,2
116,3,0,0,0,0,0,2
117,3,0,0,1,2,1,2
118,3,0,0,1,2,2,2
119,3,0,0,1,2,0,2
120,3,0,0,1,1,1,2
121,3,0,0,1,1,2,2
122,3,0,0,1,1,0,2
123,3,0,0,1,0,1,2
124,3,0,0,1,0,2,2
125,3,0,0,1,0,0,2
126,3,0,0,2,2,1,2
127,3,0,0,2,2,2,2
128,3,0,0,2,2,0,2
129,3,0,0,2,1,1,2
130,3,0,0,2,1,2,2
131,3,0,0,2,1,0,2
132,3,0,0,2,0,1,2
133,3,0,0,2,0,2,2
134,3,0,0,2,0,0,2
135,3,0,1,0,2,1,2
136,3,0,1,0,2,2,2
137,3,0,1,0,2,0,2
138,3,0,1,0,1,1,2
139,3,0,1,0,1,2,2
140,3,0,1,0,1,0,2
141,3,0,1,0,0,1,2
142,3,0,1,0,0,2,2
143,3,0,1,0,0,0,2
144,3,0,1,1,2,1,2
145,3,0,1,1,2,2,2
146,3,0,1,1,2,0,2
147,3,0,1,1,1,1,2
148,3,0,1,1,1,2,2
149,3,0,1,1,1,0,2
150,3,0,1,1,0,1,2
151,3,0,1,1,0,2,2
152,3,0,1,1,0,0,2
153,3,0,1,2,2,1,2
154,3,0,1,2,2,2,2
155,3,0,1,2,2,0,2
156,3,0,1,2,1,1,2
157,3,0,1,2,1,2,2
158,3,0,1,2,1,0,2
159,3,0,1,2,0,1,2
160,3,0,1,2,0,2,2
161,3,0,1,2,0,0,2
162,3,0,2,0,2,1,2
163,3,0,2,0,2,2,2
164,3,0,2,0,2,0,2
165,3,0,2,0,1,1,2
166,3,0,2,0,1,2,2
167,3,0,2,0,1,0,2
168,3,0,2,0,0,1,2
169,3,0,2,0,0,2,2
170,3,0,2,0,0,0,2
171,3,0,2,1,2,1,2
172,3,0,2,1,2,2,2
173,3,0,2,1,2,0,2
174,3,0,2,1,1,1,2
175,3,0,2,1,1,2,2
176,3,0,2,1,1,0,2
177,3,0,2,1,0,1,2
178,3,0,2,1,0,2,2
179,3,0,2,1,0,0,2
180,3,0,2,2,2,1,2
181,3,0,2,2,2,2,2
182,3,0,2,2,2,0,2
183,3,0,2,2,1,1,2
184,3,0,2,2,1,2,2
185,3,0,2,2,1,0,2
186,3,0,2,2,0,1,2
187,3,0,2,2,0,2,2
188,3,0,2,2,0,0,2
189,3,0,3,0,2,1,2
190,3,0,3,0,2,2,2
191,3,0,3,0,2,0,2
192,3,0,3,0,1,1,2
193,3,0,3,0,1,2,2
194,3,0,3,0,1,0,2
195,3,0,3,0,0,1,2
196,3,0,3,0,0,2,2
197,3,0,3,0,0,0,2
198,3,0,3,1,2,1,2
199,3,0,3,1,2,2,2
200,3,0,3,1,2,0,2
201,3,0,3,1,1,1,2
202,3,0,3,1,1,2,2
203,3,0,3,1,1,0,2
204,3,0,3,1,0,1,2
205,3,0,3,1,0,2,2
206,3,0,3,1,0,0,2
207,3,0,3,2,2,1,2
208,3,0,3,2,2,2,2
209,3,0,3,2,2,0,2
210,3,0,3,2,1,1,2
211,3,0,3,2,1,2,2
212,3,0,3,2,1,0,2
213,3,0,3,2,0,1,2
214,3,0,3,2,0,2,2
215,3,0,3,2,0,0,2
216,3,2,0,0,2,1,2
217,3,2,0,0,2,2,2
218,3,2,0,0,2,0,2
219,3,2,0,0,1,1,2
220,3,2,0,0,1,2,2
221,3,2,0,0,1,0,2
222,3,2,0,0,0,1,2
223,3,2,0,0,0,2,2
224,3,2,0,0,0,0,2
225,3,2,0,1,2,1,2
226,3,2,0,1,2,2,2
227,3,2,0,1,2,0,0
228,3,2,0,1,1,1,2
229,3,2,0,1,1,2,2
230,3,2,0,1,1,0,0
231,3,2,0,1,0,1,2
232,3,2,0,1,0,2,0
233,3,2,0,1,0,0,0
234,3,2,0,2,2,1,2
235,3,2,0,2,2,2,2
236,3,2,0,2,2,0,2
237,3,2,0,2,1,1,2
238,3,2,0,2,1,2,2
239,3,2,0,2,1,0,0
240,3,2,0,2,0,1,2
241,3,2,0,2,0,2,0
242,3,2,0,2,0,0,0
243,3,2,1,0,2,1,2
244,3,2,1,0,2,2,2
245,3,2,1,0,2,0,2
246,3,2,1,0,1,1,2
247,3,2,1,0,1,2,2
248,3,2,1,0,1,0,2
249,3,2,1,0,0,1,2
250,3,2,1,0,0,2,2
251,3,2,1,0,0,0,2
252,3,2,1,1,2,1,2
253,3,2,1,1,2,2,2
254,3,2,1,1,2,0,0
255,3,2,1,1,1,1,2
256,3,2,1,1,1,2,2
257,3,2,1,1,1,0,0
258,3,2,1,1,0,1,2
259,3,2,1,1,0,2,0
260,3,2,1,1,0,0,0
261,3,2,1,2,2,1,2
262,3,2,1,2,2,2,2
263,3,2,1,2,2,0,0
264,3,2,1,2,1,1,2
265,3,2,1,2,1,2,0
266,3,2,1,2,1,0,0
267,3,2,1,2,0,1,2
268,3,2,1,2,0,2,0
269,3,2,1,2,0,0,0
270,3,2,2,0,2,1,2
271,3,2,2,0,2,2,2
272,3,2,2,0,2,0,2
273,3,2,2,0,1,1,2
274,3,2,2,0,1,2,2
275,3,2,2,0,1,0,2
276,3,2,2,0,0,1,2
277,3,2,2,0,0,2,2
278,3,2,2,0,0,0,2
279,3,2,2,1,2,1,2
280,3,2,2,1,2,2,2
281,3,2,2,1,2,0,0
282,3,2,2,1,1,1,2
283,3,2,2,1,1,2,0
284,3,2,2,1,1,0,0
285,3,2,2,1,0,1,2
286,3,2,2,1,0,2,0
287,3,2,2,1,0,0,0
288,3,2,2,2,2,1,2
289,3,2,2,2,2,2,2
290,3,2,2,2,2,0,0
291,3,2,2,2,1,1,2
292,3,2,2,2,1,2,0
293,3,2,2,2,1,0,0
294,3,2,2,2,0,1,2
295,3,2,2,2,0,2,0
296,3,2,2,2,0,0,0
297,3,2,3,0,2,1,2
298,3,2,3,0,2,2,2
299,3,2,3,0,2,0,2
300,3,2,3,0,1,1,2
301,3,2,3,0,1,2,2
302,3,2,3,0,1,0,2
303,3,2,3,0,0,1,2
304,3,2,3,0,0,2,2
305,3,2,3,0,0,0,2
306,3,2,3,1,2,1,2
307,3,2,3,1,2,2,2
308,3,2,3,1,2,0,0
309,3,2,3,1,1,1,2
310,3,2,3,1,1,2,0
311,3,2,3,1,1,0,0
312,3,2,3,1,0,1,2
313,3,2,3,1,0,2,0
314,3,2,3,1,0,0,0
315,3,2,3,2,2,1,2
316,3,2,3,2,2,2,2
317,3,2,3,2,2,0,0
318,3,2,3,2,1,1,2
319,3,2,3,2,1,2,0
320,3,2,3,2,1,0,0
321,3,2,3,2,0,1,2
322,3,2,3,2,0,2,0
323,3,2,3,2,0,0,0
324,3,1,0,0,2,1,2
325,3,1,0,0,2,2,2
326,3,1,0,0,2,0,2
327,3,1,0,0,1,1,2
328,3,1,0,0,1,2,2
329,3,1,0,0,1,0,2
330,3,1,0,0,0,1,2
331,3,1,0,0,0,2,2
332,3,1,0,0,0,0,2
333,3,1,0,1,2,1,2
334,3,1,0,1,2,2,2
335,3,1,0,1,2,0,0
336,3,1,0,1,1,1,2
337,3,1,0,1,1,2,2
338,3,1,0,1,1,0,0
339,3,1,0,1,0,1,2
340,3,1,0,1,0,2,0
341,3,1,0,1,0,0,0
342,3,1,0,2,2,1,2
343,3,1,0,2,2,2,2
344,3,1,0,2,2,0,2
345,3,1,0,2,1,1,2
346,3,1,0,2,1,2,2
347,3,1,0,2,1,0,0
348,3,1,0,2,0,1,2
349,3,1,0,2,0,2,0
350,3,1,0,2,0,0,0
351,3,1,1,0,2,1,2
352,3,1,1,0,2,2,2
353,3,1,1,0,2,0,2
354,3,1,1,0,1,1,2
355,3,1,1,0,1,2,2
356,3,1,1,0,1,0,2
357,3,1,1,0,0,1,2
358,3,1,1,0,0,2,2
359,3,1,1,0,0,0,2
360,3,1,1,1,2,1,2
361,3,1,1,1,2,2,2
362,3,1,1,1,2,0,0
363,3,1,1,1,1,1,2
364,3,1,1,1,1,2,2
365,3,1,1,1,1,0,0
366,3,1,1,1,0,1,2
367,3,1,1,1,0,2,0
368,3,1,1,1,0,0,0
369,3,1,1,2,2,1,2
370,3,1,1,2,2,2,2
371,3,1,1,2,2,0,0
372,3,1,1,2,1,1,2
373,3,1,1,2,1,2,0
374,3,1,1,2,1,0,0
375,3,1,1,2,0,1,2
376,3,1,1,2,0,2,0
377,3,1,1,2,0,0,0
378,3,1,2,0,2,1,2
379,3,1,2,0,2,2,2
380,3,1,2,0,2,0,2
381,3,1,2,0,1,1,2
382,3,1,2,0,1,2,2
383,3,1,2,0,1,0,2
384,3,1,2,0,0,1,2
385,3,1,2,0,0,2,2
386,3,1,2,0,0,0,2
387,3,1,2,1,2,1,2
388,3,1,2,1,2,2,2
389,3,1,2,1,2,0,0
390,3,1,2,1,1,1,2
391,3,1,2,1,1,2,0
392,3,1,2,1,1,0,0
393,3,1,2,1,0,1,2
394,3,1,2,1,0,2,0
395,3,1,2,1,0,0,0
396,3,1,2,2,2,1,2
397,3,1,2,2,2,2,2
398,3,1,2,2,2,0,0
399,3,1,2,2,1,1,2
400,3,1,2,2,1,2,0
401,3,1,2,2,1,0,0
402,3,1,2,2,0,1,2
403,3,1,2,2,0,2,0
404,3,1,2,2,0,0,0
405,3,1,3,0,2,1,2
406,3,1,3,0,2,2,2
407,3,1,3,0,2,0,2
408,3,1,3,0,1,1,2
409,3,1,3,0,1,2,2
410,3,1,3,0,1,0,2
411,3,1,3,0,0,1,2
412,3,1,3,0,0,2,2
413,3,1,3,0,0,0,2
414,3,1,3,1,2,1,2
415,3,1,3,1,2,2,2
416,3,1,3,1,2,0,0
417,3,1,3,1,1,1,2
418,3,1,3,1,1,2,0
419,3,1,3,1,1,0,0
420,3,1,3,1,0,1,2
421,3,1,3,1,0,2,0
422,3,1,3,1,0,0,0
423,3,1,3,2,2,1,2
424,3,1,3,2,2,2,2
425,3,1,3,2,2,0,0
426,3,1,3,2,1,1,2
427,3,1,3,2,1,2,0
428,3,1,3,2,1,0,0
429,3,1,3,2,0,1,2
430,3,1,3,2,0,2,0
431,3,1,3,2,0,0,0
432,0,3,0,0,2,1,2
433,0,3,0,0,2,2,2
434,0,3,0,0,2,0,2
435,0,3,0,0,1,1,2
436,0,3,0,0,1,2,2
437,0,3,0,0,1,0,2
438,0,3,0,0,0,1,2
439,0,3,0,0,0,2,2
440,0,3,0,0,0,0,2
441,0,3,0,1,2,1,2
442,0,3,0,1,2,2,2
443,0,3,0,1,2,0,2
444,0,3,0,1,1,1,2
445,0,3,0,1,1,2,2
446,0,3,0,1,1,0,2
447,0,3,0,1,0,1,2
448,0,3,0,1,0,2,2
449,0,3,0,1,0,0,2
450,0,3,0,2,2,1,2
451,0,3,0,2,2,2,2
452,0,3,0,2,2,0,2
453,0,3,0,2,1,1,2
454,0,3,0,2,1,2,2
455,0,3,0,2,1,0,2
456,0,3,0,2,0,1,2
457,0,3,0,2,0,2,2
458,0,3,0,2,0,0,2
459,0,3,1,0,2,1,2
460,0,3,1,0,2,2,2
461,0,3,1,0,2,0,2
462,0,3,1,0,1,1,2
463,0,3,1,0,1,2,2
464,0,3,1,0,1,0,2
465,0,3,1,0,0,1,2
466,0,3,1,0,0,2,2
467,0,3,1,0,0,0,2
468,0,3,1,1,2,1,2
469,0,3,1,1,2,2,2
470,0,3,1,1,2,0,2
471,0,3,1,1,1,1,2
472,0,3,1,1,1,2,2
473,0,3,1,1,1,0,2
474,0,3,1,1,0,1,2
475,0,3,1,1,0,2,2
476,0,3,1,1,0,0,2
477,0,3,1,2,2,1,2
478,0,3,1,2,2,2,2
479,0,3,1,2,2,0,2
480,0,3,1,2,1,1,2
481,0,3,1,2,1,2,2
482,0,3,1,2,1,0,2
483,0,3,1,2,0,1,2
484,0,3,1,2,0,2,2
485,0,3,1,2,0,0,2
486,0,3,2,0,2,1,2
487,0,3,2,0,2,2,2
488,0,3,2,0,2,0,2
489,0,3,2,0,1,1,2
490,0,3,2,0,1,2,2
491,0,3,2,0,1,0,2
492,0,3,2,0,0,1,2
493,0,3,2,0,0,2,2
494,0,3,2,0,0,0,2
495,0,3,2,1,2,1,2
496,0,3,2,1,2,2,2
497,0,3,2,1,2,0,2
498,0,3,2,1,1,1,2
499,0,3,2,1,1,2,2
500,0,3,2,1,1,0,2
501,0,3,2,1,0,1,2
502,0,3,2,1,0,2,2
503,0,3,2,1,0,0,2
504,0,3,2,2,2,1,2
505,0,3,2,2,2,2,2
506,0,3,2,2,2,0,2
507,0,3,2,2,1,1,2
508,0,3,2,2,1,2,2
509,0,3,2,2,1,0,2
510,0,3,2,2,0,1,2
511,0,3,2,2,0,2,2
512,0,3,2,2,0,0,2
513,0,3,3,0,2,1,2
514,0,3,3,0,2,2,2
515,0,3,3,0,2,0,2
516,0,3,3,0,1,1,2
517,0,3,3,0,1,2,2
518,0,3,3,0,1,0,2
519,0,3,3,0,0,1,2
520,0,3,3,0,0,2,2
521,0,3,3,0,0,0,2
522,0,3,3,1,2,1,2
523,0,3,3,1,2,2,2
524,0,3,3,1,2,0,2
525,0,3,3,1,1,1,2
526,0,3,3,1,1,2,2
527,0,3,3,1,1,0,2
528,0,3,3,1,0,1,2
529,0,3,3,1,0,2,2
530,0,3,3,1,0,0,2
531,0,3,3,2,2,1,2
532,0,3,3,2,2,2,2
533,0,3,3,2,2,0,2
534,0,3,3,2,1,1,2
535,0,3,3,2,1,2,2
536,0,3,3,2,1,0,2
537,0,3,3,2,0,1,2
538,0,3,3,2,0,2,2
539,0,3,3,2,0,0,2
540,0,0,0,0,2,1,2
541,0,0,0,0,2,2,2
542,0,0,0,0,2,0,2
543,0,0,0,0,1,1,2
544,0,0,0,0,1,2,2
545,0,0,0,0,1,0,2
546,0,0,0,0,0,1,2
547,0,0,0,0,0,2,2
548,0,0,0,0,0,0,2
549,0,0,0,1,2,1,2
550,0,0,0,1,2,2,2
551,0,0,0,1,2,0,0
552,0,0,0,1,1,1,2
553,0,0,0,1,1,2,2
554,0,0,0,1,1,0,0
555,0,0,0,1,0,1,2
556,0,0,0,1,0,2,0
557,0,0,0,1,0,0,0
558,0,0,0,2,2,1,2
559,0,0,0,2,2,2,2
560,0,0,0,2,2,0,2
561,0,0,0,2,1,1,2
562,0,0,0,2,1,2,2
563,0,0,0,2,1,0,0
564,0,0,0,2,0,1,2
565,0,0,0,2,0,2,0
566,0,0,0,2,0,0,0
567,0,0,1,0,2,1,2
568,0,0,1,0,2,2,2
569,0,0,1,0,2,0,2
570,0,0,1,0,1,1,2
571,0,0,1,0,1,2,2
572,0,0,1,0,1,0,2
573,0,0,1,0,0,1,2
574,0,0,1,0,0,2,2
575,0,0,1,0,0,0,2
576,0,0,1,1,2,1,2
577,0,0,1,1,2,2,2
578,0,0,1,1,2,0,0
579,0,0,1,1,1,1,2
580,0,0,1,1,1,2,2
581,0,0,1,1,1,0,0
582,0,0,1,1,0,1,2
583,0,0,1,1,0,2,0
584,0,0,1,1,0,0,0
585,0,0,1,2,2,1,2
586,0,0,1,2,2,2,2
587,0,0,1,2,2,0,0
588,0,0,1,2,1,1,2
589,0,0,1,2,1,2,0
590,0,0,1,2,1,0,0
591,0,0,1,2,0,1,2
592,0,0,1,2,0,2,0
593,0,0,1,2,0,0,0
594,0,0,2,0,2,1,2
595,0,0,2,0,2,2,2
596,0,0,2,0,2,0,2
597,0,0,2,0,1,1,2
598,0,0,2,0,1,2,2
599,0,0,2,0,1,0,2
600,0,0,2,0,0,1,2
601,0,0,2,0,0,2,2
602,0,0,2,0,0,0,2
603,0,0,2,1,2,1,2
604,0,0,2,1,2,2,2
605,0,0,2,1,2,0,0
606,0,0,2,1,1,1,2
607,0,0,2,1,1,2,0
608,0,0,2,1,1,0,0
609,0,0,2,1,0,1,2
610,0,0,2,1,0,2,0
611,0,0,2,1,0,0,0
612,0,0,2,2,2,1,2
613,0,0,2,2,2,2,2
614,0,0,2,2,2,0,0
615,0,0,2,2,1,1,2
616,0,0,2,2,1,2,0
617,0,0,2,2,1,0,0
618,0,0,2,2,0,1,2
619,0,0,2,2,0,2,0
620,0,0,2,2,0,0,0
621,0,0,3,0,2,1,2
622,0,0,3,0,2,2,2
623,0,0,3,0,2,0,2
624,0,0,3,0,1,1,2
625,0,0,3,0,1,2,2
626,0,0,3,0,1,0,2
627,0,0,3,0,0,1,2
628,0,0,3,0,0,2,2
629,0,0,3,0,0,0,2
630,0,0,3,1,2,1,2
631,0,0,3,1,2,2,2
632,0,0,3,1,2,0,0
633,0,0,3,1,1,1,2
634,0,0,3,1,1,2,0
635,0,0,3,1,1,0,0
636,0,0,3,1,0,1,2
637,0,0,3,1,0,2,0
638,0,0,3,1,0,0,0
639,0,0,3,2,2,1,2
640,0,0,3,2,2,2,2
641,0,0,3,2,2,0,0
642,0,0,3,2,1,1,2
643,0,0,3,2,1,2,0
644,0,0,3,2,1,0,0
645,0,0,3,2,0,1,2
646,0,0,3,2,0,2,0
647,0,0,3,2,0,0,0
648,0,2,0,0,2,1,2
649,0,2,0,0,2,2,2
650,0,2,0,0,2,0,2
651,0,2,0,0,1,1,2
652,0,2,0,0,1,2,2
653,0,2,0,0,1,0,2
654,0,2,0,0,0,1,2
655,0,2,0,0,0,2,2
656,0,2,0,0,0,0,2
657,0,2,0,1,2,1,2
658,0,2,0,1,2,2,2
659,0,2,0,1,2,0,0
660,0,2,0,1,1,1,2
661,0,2,0,1,1,2,2
662,0,2,0,1,1,0,0
663,0,2,0,1,0,1,2
664,0,2,0,1,0,2,0
665,0,2,0,1,0,0,0
666,0,2,0,2,2,1,2
667,0,2,0,2,2,2,2
668,0,2,0,2,2,0,2
669,0,2,0,2,1,1,2
670,0,2,0,2,1,2,2
671,0,2,0,2,1,0,0
672,0,2,0,2,0,1,2
673,0,2,0,2,0,2,0
674,0,2,0,2,0,0,0
675,0,2,1,0,2,1,2
676,0,2,1,0,2,2,2
677,0,2,1,0,2,0,2
678,0,2,1,0,1,1,2
679,0,2,1,0,1,2,2
680,0,2,1,0,1,0,2
681,0,2,1,0,0,1,2
682,0,2,1,0,0,2,2
683,0,2,1,0,0,0,2
684,0,2,1,1,2,1,2
685,0,2,1,1,2,2,2
686,0,2,1,1,2,0,0
687,0,2,1,1,1,1,2
688,0,2,1,1,1,2,2
689,0,2,1,1,1,0,0
690,0,2,1,1,0,1,2
691,0,2,1,1,0,2,0
692,0,2,1,1,0,0,0
693,0,2,1,2,2,1,2
694,0,2,1,2,2,2,2
695,0,2,1,2,2,0,0
696,0,2,1,2,1,1,2
697,0,2,1,2,1,2,0
698,0,2,1,2,1,0,0
699,0,2,1,2,0,1,2
700,0,2,1,2,0,2,0
701,0,2,1,2,0,0,0
702,0,2,2,0,2,1,2
703,0,2,2,0,2,2,2
704,0,2,2,0,2,0,2
705,0,2,2,0,1,1,2
706,0,2,2,0,1,2,2
707,0,2,2,0,1,0,2
708,0,2,2,0,0,1,2
709,0,2,2,0,0,2,2
710,0,2,2,0,0,0,2
711,0,2,2,1,2,1,2
712,0,2,2,1,2,2,2
713,0,2,2,1,2,0,0
714,0,2,2,1,1,1,2
715,0,2,2,1,1,2,0
716,0,2,2,1,1,0,0
717,0,2,2,1,0,1,2
718,0,2,2,1,0,2,0
719,0,2,2,1,0,0,0
720,0,2,2,2,2,1,2
721,0,2,2,2,2,2,2
722,0,2,2,2,2,0,0
723,0,2,2,2,1,1,2
724,0,2,2,2,1,2,0
725,0,2,2,2,1,0,0
726,0,2,2,2,0,1,2
727,0,2,2,2,0,2,0
728,0,2,2,2,0,0,0
729,0,2,3,0,2,1,2
730,0,2,3,0,2,2,2
731,0,2,3,0,2,0,2
732,0,2,3,0,1,1,2
733,0,2,3,0,1,2,2
734,0,2,3,0,1,0,2
735,0,2,3,0,0,1,2
736,0,2,3,0,0,2,2
737,0,2,3,0,0,0,2
738,0,2,3,1,2,1,2
739,0,2,3,1,2,2,2
740,0,2,3,1,2,0,0
741,0,2,3,1,1,1,2
742,0,2,3,1,1,2,0
743,0,2,3,1,1,0,0
744,0,2,3,1,0,1,2
745,0,2,3,1,0,2,0
746,0,2,3,1,0,0,0
747,0,2,3,2,2,1,2
748,0,2,3,2,2,2,2
749,0,2,3,2,2,0,0
750,0,2,3,2,1,1,2
751,0,2,3,2,1,2,0
752,0,2,3,2,1,0,0
753,0,2,3,2,0,1,2
754,0,2,3,2,0,2,0
755,0,2,3,2,0,0,0
756,0,1,0,0,2,1,2
757,0,1,0,0,2,2,2
758,0,1,0,0,2,0,2
759,0,1,0,0,1,1,2
760,0,1,0,0,1,2,2
761,0,1,0,0,1,0,2
762,0,1,0,0,0,1,2
763,0,1,0,0,0,2,2
764,0,1,0,0,0,0,2
765,0,1,0,1,2,1,2
766,0,1,0,1,2,2,2
767,0,1,0,1,2,0,0
768,0,1,0,1,1,1,2
769,0,1,0,1,1,2,2
770,0,1,0,1,1,0,0
771,0,1,0,1,0,1,2
772,0,1,0,1,0,2,0
773,0,1,0,1,0,0,0
774,0,1,0,2,2,1,2
775,0,1,0,2,2,2,2
776,0,1,0,2,2,0,2
777,0,1,0,2,1,1,2
778,0,1,0,2,1,2,2
779,0,1,0,2,1,0,0
780,0,1,0,2,0,1,2
781,0,1,0,2,0,2,0
782,0,1,0,2,0,0,0
783,0,1,1,0,2,1,2
784,0,1,1,0,2,2,2
785,0,1,1,0,2,0,2
786,0,1,1,0,1,1,2
787,0,1,1,0,1,2,2
788,0,1,1,0,1,0,2
789,0,1,1,0,0,1,2
790,0,1,1,0,0,2,2
791,0,1,1,0,0,0,2
792,0,1,1,1,2,1,2
793,0,1,1,1,2,2,2
794,0,1,1,1,2,0,0
795,0,1,1,1,1,1,2
796,0,1,1,1,1,2,2
797,0,1,1,1,1,0,0
798,0,1,1,1,0,1,2
799,0,1,1,1,0,2,0
800,0,1,1,1,0,0,0
801,0,1,1,2,2,1,2
802,0,1,1,2,2,2,2
803,0,1,1,2,2,0,0
804,0,1,1,2,1,1,2
805,0,1,1,2,1,2,0
806,0,1,1,2,1,0,0
807,0,1,1,2,0,1,2
808,0,1,1,2,0,2,0
809,0,1,1,2,0,0,0
810,0,1,2,0,2,1,2
811,0,1,2,0,2,2,2
812,0,1,2,0,2,0,2
813,0,1,2,0,1,1,2
814,0,1,2,0,1,2,2
815,0,1,2,0,1,0,2
816,0,1,2,0,0,1,2
817,0,1,2,0,0,2,2
818,0,1,2,0,0,0,2
819,0,1,2,1,2,1,2
820,0,1,2,1,2,2,2
821,0,1,2,1,2,0,0
822,0,1,2,1,1,1,2
823,0,1,2,1,1,2,0
824,0,1,2,1,1,0,0
825,0,1,2,1,0,1,2
826,0,1,2,1,0,2,0
827,0,1,2,1,0,0,0
828,0,1,2,2,2,1,2
829,0,1,2,2,2,2,2
830,0,1,2,2,2,0,0
831,0,1,2,2,1,1,2
832,0,1,2,2,1,2,0
833,0,1,2,2,1,0,0
834,0,1,2,2,0,1,2
835,0,1,2,2,0,2,0
836,0,1,2,2,0,0,0
837,0,1,3,0,2,1,2
838,0,1,3,0,2,2,2
839,0,1,3,0,2,0,2
840,0,1,3,0,1,1,2
841,0,1,3,0,1,2,2
842,0,1,3,0,1,0,2
843,0,1,3,0,0,1,2
844,0,1,3,0,0,2,2
845,0,1,3,0,0,0,2
846,0,1,3,1,2,1,2
847,0,1,3,1,2,2,2
848,0,1,3,1,2,0,0
849,0,1,3,1,1,1,2
850,0,1,3,1,1,2,0
851,0,1,3,1,1,0,0
852,0,1,3,1,0,1,2
853,0,1,3,1,0,2,0
854,0,1,3,1,0,0,0
855,0,1,3,2,2,1,2
856,0,1,3,2,2,2,2
857,0,1,3,2,2,0,0
858,0,1,3,2,1,1,2
859,0,1,3,2,1,2,0
860,0,1,3,2,1,0,0
861,0,1,3,2,0,1,2
862,0,1,3,2,0,2,0
863,0,1,3,2,0,0,0
864,2,3,0,0,2,1,2
865,2,3,0,0,2,2,2
866,2,3,0,0,2,0,2
867,2,3,0,0,1,1,2
868,2,3,0,0,1,2,2
869,2,3,0,0,1,0,2
870,2,3,0,0,0,1,2
871,2,3,0,0,0,2,2
872,2,3,0,0,0,0,2
873,2,3,0,1,2,1,2
874,2,3,0,1,2,2,2
875,2,3,0,1,2,0,0
876,2,3,0,1,1,1,2
877,2,3,0,1,1,2,2
878,2,3,0,1,1,0,0
879,2,3,0,1,0,1,2
880,2,3,0,1,0,2,0
881,2,3,0,1,0,0,0
882,2,3,0,2,2,1,2
883,2,3,0,2,2,2,2
884,2,3,0,2,2,0,2
885,2,3,0,2,1,1,2
886,2,3,0,2,1,2,2
887,2,3,0,2,1,0,0
888,2,3,0,2,0,1,2
889,2,3,0,2,0,2,0
890,2,3,0,2,0,0,0
891,2,3,1,0,2,1,2
892,2,3,1,0,2,2,2
893,2,3,1,0,2,0,2
894,2,3,1,0,1,1,2
895,2,3,1,0,1,2,2
896,2,3,1,0,1,0,2
897,2,3,1,0,0,1,2
898,2,3,1,0,0,2,2
899,2,3,1,0,0,0,2
900,2,3,1,1,2,1,2
901,2,3,1,1,2,2,2
902,2,3,1,1,2,0,0
903,2,3,1,1,1,1,2
904,2,3,1,1,1,2,2
905,2,3,1,1,1,0,0
906,2,3,1,1,0,1,2
907,2,3,1,1,0,2,0
908,2,3,1,1,0,0,0
909,2,3,1,2,2,1,2
910,2,3,1,2,2,2,2
911,2,3,1,2,2,0,0
912,2,3,1,2,1,1,2
913,2,3,1,2,1,2,0
914,2,3,1,2,1,0,0
915,2,3,1,2,0,1,2
916,2,3,1,2,0,2,0
917,2,3,1,2,0,0,0
918,2,3,2,0,2,1,2
919,2,3,2,0,2,2,2
920,2,3,2,0,2,0,2
921,2,3,2,0,1,1,2
922,2,3,2,0,1,2,2
923,2,3,2,0,1,0,2
924,2,3,2,0,0,1,2
925,2,3,2,0,0,2,2
926,2,3,2,0,0,0,2
927,2,3,2,1,2,1,2
928,2,3,2,1,2,2,2
929,2,3,2,1,2,0,0
930,2,3,2,1,1,1,2
931,2,3,2,1,1,2,0
932,2,3,2,1,1,0,0
933,2,3,2,1,0,1,2
934,2,3,2,1,0,2,0
935,2,3,2,1,0,0,0
936,2,3,2,2,2,1,2
937,2,3,2,2,2,2,2
938,2,3,2,2,2,0,0
939,2,3,2,2,1,1,2
940,2,3,2,2,1,2,0
941,2,3,2,2,1,0,0
942,2,3,2,2,0,1,2
943,2,3,2,2,0,2,0
944,2,3,2,2,0,0,0
945,2,3,3,0,2,1,2
946,2,3,3,0,2,2,2
947,2,3,3,0,2,0,2
948,2,3,3,0,1,1,2
949,2,3,3,0,1,2,2
950,2,3,3,0,1,0,2
951,2,3,3,0,0,1,2
952,2,3,3,0,0,2,2
953,2,3,3,0,0,0,2
954,2,3,3,1,2,1,2
955,2,3,3,1,2,2,2
956,2,3,3,1,2,0,0
957,2,3,3,1,1,1,2
958,2,3,3,1,1,2,0
959,2,3,3,1,1,0,0
960,2,3,3,1,0,1,2
961,2,3,3,1,0,2,0
962,2,3,3,1,0,0,0
963,2,3,3,2,2,1,2
964,2,3,3,2,2,2,2
965,2,3,3,2,2,0,0
966,2,3,3,2,1,1,2
967,2,3,3,2,1,2,0
968,2,3,3,2,1,0,0
969,2,3,3,2,0,1,2
970,2,3,3,2,0,2,0
971,2,3,3,2,0,0,0
972,2,0,0,0,2,1,2
973,2,0,0,0,2,2,2
974,2,0,0,0,2,0,2
975,2,0,0,0,1,1,2
976,2,0,0,0,1,2,2
977,2,0,0,0,1,0,2
978,2,0,0,0,0,1,2
979,2,0,0,0,0,2,2
980,2,0,0,0,0,0,2
981,2,0,0,1,2,1,2
982,2,0,0,1,2,2,2
983,2,0,0,1,2,0,0
984,2,0,0,1,1,1,2
985,2,0,0,1,1,2,2
986,2,0,0,1,1,0,0
987,2,0,0,1,0,1,2
988,2,0,0,1,0,2,0
989,2,0,0,1,0,0,0
990,2,0,0,2,2,1,2
991,2,0,0,2,2,2,2
992,2,0,0,2,2,0,2
993,2,0,0,2,1,1,2
994,2,0,0,2,1,2,2
995,2,0,0,2,1,0,0
996,2,0,0,2,0,1,2
997,2,0,0,2,0,2,0
998,2,0,0,2,0,0,0
999,2,0,1,0,2,1,2
1000,2,0,1,0,2,2,2
1001,2,0,1,0,2,0,2
1002,2,0,1,0,1,1,2
1003,2,0,1,0,1,2,2
1004,2,0,1,0,1,0,2
1005,2,0,1,0,0,1,2
1006,2,0,1,0,0,2,2
1007,2,0,1,0,0,0,2
1008,2,0,1,1,2,1,2
1009,2,0,1,1,2,2,2
1010,2,0,1,1,2,0,0
1011,2,0,1,1,1,1,2
1012,2,0,1,1,1,2,2
1013,2,0,1,1,1,0,0
1014,2,0,1,1,0,1,2
1015,2,0,1,1,0,2,0
1016,2,0,1,1,0,0,0
1017,2,0,1,2,2,1,2
1018,2,0,1,2,2,2,2
1019,2,0,1,2,2,0,0
1020,2,0,1,2,1,1,2
1021,2,0,1,2,1,2,0
1022,2,0,1,2,1,0,0
1023,2,0,1,2,0,1,2
1024,2,0,1,2,0,2,0
1025,2,0,1,2,0,0,0
1026,2,0,2,0,2,1,2
1027,2,0,2,0,2,2,2
1028,2,0,2,0,2,0,2
1029,2,0,2,0,1,1,2
1030,2,0,2,0,1,2,2
1031,2,0,2,0,1,0,2
1032,2,0,2,0,0,1,2
1033,2,0,2,0,0,2,2
1034,2,0,2,0,0,0,2
1035,2,0,2,1,2,1,2
1036,2,0,2,1,2,2,2
1037,2,0,2,1,2,0,0
1038,2,0,2,1,1,1,2
1039,2,0,2,1,1,2,0
1040,2,0,2,1,1,0,0
1041,2,0,2,1,0,1,2
1042,2,0,2,1,0,2,0
1043,2,0,2,1,0,0,0
1044,2,0,2,2,2,1,2
1045,2,0,2,2,2,2,2
1046,2,0,2,2,2,0,0
1047,2,0,2,2,1,1,2
1048,2,0,2,2,1,2,0
1049,2,0,2,2,1,0,0
1050,2,0,2,2,0,1,2
1051,2,0,2,2,0,2,0
1052,2,0,2,2,0,0,0
1053,2,0,3,0,2,1,2
1054,2,0,3,0,2,2,2
1055,2,0,3,0,2,0,2
1056,2,0,3,0,1,1,2
1057,2,0,3,0,1,2,2
1058,2,0,3,0,1,0,2
1059,2,0,3,0,0,1,2
1060,2,0,3,0,0,2,2
1061,2,0,3,0,0,0,2
1062,2,0,3,1,2,1,2
1063,2,0,3,1,2,2,2
1064,2,0,3,1,2,0,0
1065,2,0,3,1,1,1,2
1066,2,0,3,1,1,2,0
1067,2,0,3,1,1,0,0
1068,2,0,3,1,0,1,2
1069,2,0,3,1,0,2,0
1070,2,0,3,1,0,0,0
1071,2,0,3,2,2,1,2
1072,2,0,3,2,2,2,2
1073,2,0,3,2,2,0,0
1074,2,0,3,2,1,1,2
1075,2,0,3,2,1,2,0
1076,2,0,3,2,1,0,0
1077,2,0,3,2,0,1,2
1078,2,0,3,2,0,2,0
1079,2,0,3,2,0,0,0
1080,2,2,0,0,2,1,2
1081,2,2,0,0,2,2,2
1082,2,2,0,0,2,0,2
1083,2,2,0,0,1,1,2
1084,2,2,0,0,1,2,2
1085,2,2,0,0,1,0,2
1086,2,2,0,0,0,1,2
1087,2,2,0,0,0,2,2
1088,2,2,0,0,0,0,2
1089,2,2,0,1,2,1,2
1090,2,2,0,1,2,2,0
1091,2,2,0,1,2,0,0
1092,2,2,0,1,1,1,2
1093,2,2,0,1,1,2,0
1094,2,2,0,1,1,0,0
1095,2,2,0,1,0,1,2
1096,2,2,0,1,0,2,0
1097,2,2,0,1,0,0,3
1098,2,2,0,2,2,1,2
1099,2,2,0,2,2,2,2
1100,2,2,0,2,2,0,2
1101,2,2,0,2,1,1,2
1102,2,2,0,2,1,2,0
1103,2,2,0,2,1,0,0
1104,2,2,0,2,0,1,2
1105,2,2,0,2,0,2,0
1106,2,2,0,2,0,0,3
1107,2,2,1,0,2,1,2
1108,2,2,1,0,2,2,2
1109,2,2,1,0,2,0,2
1110,2,2,1,0,1,1,2
1111,2,2,1,0,1,2,2
1112,2,2,1,0,1,0,2
1113,2,2,1,0,0,1,2
1114,2,2,1,0,0,2,2
1115,2,2,1,0,0,0,2
1116,2,2,1,1,2,1,2
1117,2,2,1,1,2,2,0
1118,2,2,1,1,2,0,0
1119,2,2,1,1,1,1,2
1120,2,2,1,1,1,2,0
1121,2,2,1,1,1,0,0
1122,2,2,1,1,0,1,2
1123,2,2,1,1,0,2,0
1124,2,2,1,1,0,0,3
1125,2,2,1,2,2,1,2
1126,2,2,1,2,2,2,0
1127,2,2,1,2,2,0,0
1128,2,2,1,2,1,1,2
1129,2,2,1,2,1,2,0
1130,2,2,1,2,1,0,3
1131,2,2,1,2,0,1,2
1132,2,2,1,2,0,2,0
1133,2,2,1,2,0,0,3
1134,2,2,2,0,2,1,2
1135,2,2,2,0,2,2,2
1136,2,2,2,0,2,0,2
1137,2,2,2,0,1,1,2
1138,2,2,2,0,1,2,2
1139,2,2,2,0,1,0,2
1140,2,2,2,0,0,1,2
1141,2,2,2,0,0,2,2
1142,2,2,2,0,0,0,2
1143,2,2,2,1,2,1,2
1144,2,2,2,1,2,2,0
1145,2,2,2,1,2,0,0
1146,2,2,2,1,1,1,2
1147,2,2,2,1,1,2,0
1148,2,2,2,1,1,0,3
1149,2,2,2,1,0,1,2
1150,2,2,2,1,0,2,0
1151,2,2,2,1,0,0,3
1152,2,2,2,2,2,1,2
1153,2,2,2,2,2,2,0
1154,2,2,2,2,2,0,0
1155,2,2,2,2,1,1,2
1156,2,2,2,2,1,2,0
1157,2,2,2,2,1,0,3
1158,2,2,2,2,0,1,2
1159,2,2,2,2,0,2,0
1160,2,2,2,2,0,0,3
1161,2,2,3,0,2,1,2
1162,2,2,3,0,2,2,2
1163,2,2,3,0,2,0,2
1164,2,2,3,0,1,1,2
1165,2,2,3,0,1,2,2
1166,2,2,3,0,1,0,2
1167,2,2,3,0,0,1,2
1168,2,2,3,0,0,2,2
1169,2,2,3,0,0,0,2
1170,2,2,3,1,2,1,2
1171,2,2,3,1,2,2,0
1172,2,2,3,1,2,0,0
1173,2,2,3,1,1,1,2
1174,2,2,3,1,1,2,0
1175,2,2,3,1,1,0,3
1176,2,2,3,1,0,1,2
1177,2,2,3,1,0,2,0
1178,2,2,3,1,0,0,3
1179,2,2,3,2,2,1,2
1180,2,2,3,2,2,2,0
1181,2,2,3,2,2,0,0
1182,2,2,3,2,1,1,2
1183,2,2,3,2,1,2,0
1184,2,2,3,2,1,0,3
1185,2,2,3,2,0,1,2
1186,2,2,3,2,0,2,0
1187,2,2,3,2,0,0,3
1188,2,1,0,0,2,1,2
1189,2,1,0,0,2,2,2
1190,2,1,0,0,2,0,2
1191,2,1,0,0,1,1,2
1192,2,1,0,0,1,2,2
1193,2,1,0,0,1,0,2
1194,2,1,0,0,0,1,2
1195,2,1,0,0,0,2,2
1196,2,1,0,0,0,0,2
1197,2,1,0,1,2,1,2
1198,2,1,0,1,2,2,0
1199,2,1,0,1,2,0,1
1200,2,1,0,1,1,1,2
1201,2,1,0,1,1,2,0
1202,2,1,0,1,1,0,1
1203,2,1,0,1,0,1,2
1204,2,1,0,1,0,2,1
1205,2,1,0,1,0,0,3
1206,2,1,0,2,2,1,2
1207,2,1,0,2,2,2,2
1208,2,1,0,2,2,0,2
1209,2,1,0,2,1,1,2
1210,2,1,0,2,1,2,0
1211,2,1,0,2,1,0,1
1212,2,1,0,2,0,1,2
1213,2,1,0,2,0,2,1
1214,2,1,0,2,0,0,3
1215,2,1,1,0,2,1,2
1216,2,1,1,0,2,2,2
1217,2,1,1,0,2,0,2
1218,2,1,1,0,1,1,2
1219,2,1,1,0,1,2,2
1220,2,1,1,0,1,0,2
1221,2,1,1,0,0,1,2
1222,2,1,1,0,0,2,2
1223,2,1,1,0,0,0,2
1224,2,1,1,1,2,1,2
1225,2,1,1,1,2,2,0
1226,2,1,1,1,2,0,1
1227,2,1,1,1,1,1,2
1228,2,1,1,1,1,2,0
1229,2,1,1,1,1,0,1
1230,2,1,1,1,0,1,2
1231,2,1,1,1,0,2,1
1232,2,1,1,1,0,0,3
1233,2,1,1,2,2,1,2
1234,2,1,1,2,2,2,0
1235,2,1,1,2,2,0,1
1236,2,1,1,2,1,1,2
1237,2,1,1,2,1,2,1
1238,2,1,1,2,1,0,3
1239,2,1,1,2,0,1,2
1240,2,1,1,2,0,2,1
1241,2,1,1,2,0,0,3
1242,2,1,2,0,2,1,2
1243,2,1,2,0,2,2,2
1244,2,1,2,0,2,0,2
1245,2,1,2,0,1,1,2
1246,2,1,2,0,1,2,2
1247,2,1,2,0,1,0,2
1248,2,1,2,0,0,1,2
1249,2,1,2,0,0,2,2
1250,2,1,2,0,0,0,2
1251,2,1,2,1,2,1,2
1252,2,1,2,1,2,2,0
1253,2,1,2,1,2,0,1
1254,2,1,2,1,1,1,2
1255,2,1,2,1,1,2,1
1256,2,1,2,1,1,0,3
1257,2,1,2,1,0,1,2
1258,2,1,2,1,0,2,1
1259,2,1,2,1,0,0,3
1260,2,1,2,2,2,1,2
1261,2,1,2,2,2,2,0
1262,2,1,2,2,2,0,1
1263,2,1,2,2,1,1,2
1264,2,1,2,2,1,2,1
1265,2,1,2,2,1,0,3
1266,2,1,2,2,0,1,2
1267,2,1,2,2,0,2,1
1268,2,1,2,2,0,0,3
1269,2,1,3,0,2,1,2
1270,2,1,3,0,2,2,2
1271,2,1,3,0,2,0,2
1272,2,1,3,0,1,1,2
1273,2,1,3,0,1,2,2
1274,2,1,3,0,1,0,2
1275,2,1,3,0,0,1,2
1276,2,1,3,0,0,2,2
1277,2,1,3,0,0,0,2
1278,2,1,3,1,2,1,2
1279,2,1,3,1,2,2,0
1280,2,1,3,1,2,0,1
1281,2,1,3,1,1,1,2
1282,2,1,3,1,1,2,1
1283,2,1,3,1,1,0,3
1284,2,1,3,1,0,1,2
1285,2,1,3,1,0,2,1
1286,2,1,3,1,0,0,3
1287,2,1,3,2,2,1,2
1288,2,1,3,2,2,2,0
1289,2,1,3,2,2,0,1
1290,2,1,3,2,1,1,2
1291,2,1,3,2,1,2,1
1292,2,1,3,2,1,0,3
1293,2,1,3,2,0,1,2
1294,2,1,3,2,0,2,1
1295,2,1,3,2,0,0,3
1296,1,3,0,0,2,1,2
1297,1,3,0,0,2,2,2
1298,1,3,0,0,2,0,2
1299,1,3,0,0,1,1,2
1300,1,3,0,0,1,2,2
1301,1,3,0,0,1,0,2
1302,1,3,0,0,0,1,2
1303,1,3,0,0,0,2,2
1304,1,3,0,0,0,0,2
1305,1,3,0,1,2,1,2
1306,1,3,0,1,2,2,2
1307,1,3,0,1,2,0,0
1308,1,3,0,1,1,1,2
1309,1,3,0,1,1,2,2
1310,1,3,0,1,1,0,0
1311,1,3,0,1,0,1,2
1312,1,3,0,1,0,2,0
1313,1,3,0,1,0,0,0
1314,1,3,0,2,2,1,2
1315,1,3,0,2,2,2,2
1316,1,3,0,2,2,0,2
1317,1,3,0,2,1,1,2
1318,1,3,0,2,1,2,2
1319,1,3,0,2,1,0,0
1320,1,3,0,2,0,1,2
1321,1,3,0,2,0,2,0
1322,1,3,0,2,0,0,0
1323,1,3,1,0,2,1,2
1324,1,3,1,0,2,2,2
1325,1,3,1,0,2,0,2
1326,1,3,1,0,1,1,2
1327,1,3,1,0,1,2,2
1328,1,3,1,0,1,0,2
1329,1,3,1,0,0,1,2
1330,1,3,1,0,0,2,2
1331,1,3,1,0,0,0,2
1332,1,3,1,1,2,1,2
1333,1,3,1,1,2,2,2
1334,1,3,1,1,2,0,0
1335,1,3,1,1,1,1,2
1336,1,3,1,1,1,2,2
1337,1,3,1,1,1,0,0
1338,1,3,1,1,0,1,2
1339,1,3,1,1,0,2,0
1340,1,3,1,1,0,0,0
1341,1,3,1,2,2,1,2
1342,1,3,1,2,2,2,2
1343,1,3,1,2,2,0,0
1344,1,3,1,2,1,1,2
1345,1,3,1,2,1,2,0
1346,1,3,1,2,1,0,0
1347,1,3,1,2,0,1,2
1348,1,3,1,2,0,2,0
1349,1,3,1,2,0,0,0
1350,1,3,2,0,2,1,2
1351,1,3,2,0,2,2,2
1352,1,3,2,0,2,0,2
1353,1,3,2,0,1,1,2
1354,1,3,2,0,1,2,2
1355,1,3,2,0,1,0,2
1356,1,3,2,0,0,1,2
1357,1,3,2,0,0,2,2
1358,1,3,2,0,0,0,2
1359,1,3,2,1,2,1,2
1360,1,3,2,1,2,2,2
1361,1,3,2,1,2,0,0
1362,1,3,2,1,1,1,2
1363,1,3,2,1,1,2,0
1364,1,3,2,1,1,0,0
1365,1,3,2,1,0,1,2
1366,1,3,2,1,0,2,0
1367,1,3,2,1,0,0,0
1368,1,3,2,2,2,1,2
1369,1,3,2,2,2,2,2
1370,1,3,2,2,2,0,0
1371,1,3,2,2,1,1,2
1372,1,3,2,2,1,2,0
1373,1,3,2,2,1,0,0
1374,1,3,2,2,0,1,2
1375,1,3,2,2,0,2,0
1376,1,3,2,2,0,0,0
1377,1,3,3,0,2,1,2
1378,1,3,3,0,2,2,2
1379,1,3,3,0,2,0,2
1380,1,3,3,0,1,1,2
1381,1,3,3,0,1,2,2
1382,1,3,3,0,1,0,2
1383,1,3,3,0,0,1,2
1384,1,3,3,0,0,2,2
1385,1,3,3,0,0,0,2
1386,1,3,3,1,2,1,2
1387,1,3,3,1,2,2,2
1388,1,3,3,1,2,0,0
1389,1,3,3,1,1,1,2
1390,1,3,3,1,1,2,0
1391,1,3,3,1,1,0,0
1392,1,3,3,1,0,1,2
1393,1,3,3,1,0,2,0
1394,1,3,3,1,0,0,0
1395,1,3,3,2,2,1,2
1396,1,3,3,2,2,2,2
1397,1,3,3,2,2,0,0
1398,1,3,3,2,1,1,2
1399,1,3,3,2,1,2,0
1400,1,3,3,2,1,0,0
1401,1,3,3,2,0,1,2
1402,1,3,3,2,0,2,0
1403,1,3,3,2,0,0,0
1404,1,0,0,0,2,1,2
1405,1,0,0,0,2,2,2
1406,1,0,0,0,2,0,2
1407,1,0,0,0,1,1,2
1408,1,0,0,0,1,2,2
1409,1,0,0,0,1,0,2
1410,1,0,0,0,0,1,2
1411,1,0,0,0,0,2,2
1412,1,0,0,0,0,0,2
1413,1,0,0,1,2,1,2
1414,1,0,0,1,2,2,0
1415,1,0,0,1,2,0,0
1416,1,0,0,1,1,1,2
1417,1,0,0,1,1,2,0
1418,1,0,0,1,1,0,0
1419,1,0,0,1,0,1,2
1420,1,0,0,1,0,2,0
1421,1,0,0,1,0,0,3
1422,1,0,0,2,2,1,2
1423,1,0,0,2,2,2,2
1424,1,0,0,2,2,0,2
1425,1,0,0,2,1,1,2
1426,1,0,0,2,1,2,0
1427,1,0,0,2,1,0,0
1428,1,0,0,2,0,1,2
1429,1,0,0,2,0,2,0
1430,1,0,0,2,0,0,3
1431,1,0,1,0,2,1,2
1432,1,0,1,0,2,2,2
1433,1,0,1,0,2,0,2
1434,1,0,1,0,1,1,2
1435,1,0,1,0,1,2,2
1436,1,0,1,0,1,0,2
1437,1,0,1,0,0,1,2
1438,1,0,1,0,0,2,2
1439,1,0,1,0,0,0,2
1440,1,0,1,1,2,1,2
1441,1,0,1,1,2,2,0
1442,1,0,1,1,2,0,0
1443,1,0,1,1,1,1,2
1444,1,0,1,1,1,2,0
1445,1,0,1,1,1,0,0
1446,1,0,1,1,0,1,2
1447,1,0,1,1,0,2,0
1448,1,0,1,1,0,0,3
1449,1,0,1,2,2,1,2
1450,1,0,1,2,2,2,0
1451,1,0,1,2,2,0,0
1452,1,0,1,2,1,1,2
1453,1,0,1,2,1,2,0
1454,1,0,1,2,1,0,3
1455,1,0,1,2,0,1,2
1456,1,0,1,2,0,2,0
1457,1,0,1,2,0,0,3
1458,1,0,2,0,2,1,2
1459,1,0,2,0,2,2,2
1460,1,0,2,0,2,0,2
1461,1,0,2,0,1,1,2
1462,1,0,2,0,1,2,2
1463,1,0,2,0,1,0,2
1464,1,0,2,0,0,1,2
1465,1,0,2,0,0,2,2
1466,1,0,2,0,0,0,2
1467,1,0,2,1,2,1,2
1468,1,0,2,1,2,2,0
1469,1,0,2,1,2,0,0
1470,1,0,2,1,1,1,2
1471,1,0,2,1,1,2,0
1472,1,0,2,1,1,0,3
1473,1,0,2,1,0,1,2
1474,1,0,2,1,0,2,0
1475,1,0,2,1,0,0,3
1476,1,0,2,2,2,1,2
1477,1,0,2,2,2,2,0
1478,1,0,2,2,2,0,0
1479,1,0,2,2,1,1,2
1480,1,0,2,2,1,2,0
1481,1,0,2,2,1,0,3
1482,1,0,2,2,0,1,2
1483,1,0,2,2,0,2,0
1484,1,0,2,2,0,0,3
1485,1,0,3,0,2,1,2
1486,1,0,3,0,2,2,2
1487,1,0,3,0,2,0,2
1488,1,0,3,0,1,1,2
1489,1,0,3,0,1,2,2
1490,1,0,3,0,1,0,2
1491,1,0,3,0,0,1,2
1492,1,0,3,0,0,2,2
1493,1,0,3,0,0,0,2
1494,1,0,3,1,2,1,2
1495,1,0,3,1,2,2,0
1496,1,0,3,1,2,0,0
1497,1,0,3,1,1,1,2
1498,1,0,3,1,1,2,0
1499,1,0,3,1,1,0,3
1500,1,0,3,1,0,1,2
1501,1,0,3,1,0,2,0
1502,1,0,3,1,0,0,3
1503,1,0,3,2,2,1,2
1504,1,0,3,2,2,2,0
1505,1,0,3,2,2,0,0
1506,1,0,3,2,1,1,2
1507,1,0,3,2,1,2,0
1508,1,0,3,2,1,0,3
1509,1,0,3,2,0,1,2
1510,1,0,3,2,0,2,0
1511,1,0,3,2,0,0,3
1512,1,2,0,0,2,1,2
1513,1,2,0,0,2,2,2
1514,1,2,0,0,2,0,2
1515,1,2,0,0,1,1,2
1516,1,2,0,0,1,2,2
1517,1,2,0,0,1,0,2
1518,1,2,0,0,0,1,2
1519,1,2,0,0,0,2,2
1520,1,2,0,0,0,0,2
1521,1,2,0,1,2,1,2
1522,1,2,0,1,2,2,0
1523,1,2,0,1,2,0,1
1524,1,2,0,1,1,1,2
1525,1,2,0,1,1,2,0
1526,1,2,0,1,1,0,1
1527,1,2,0,1,0,1,2
1528,1,2,0,1,0,2,1
1529,1,2,0,1,0,0,3
1530,1,2,0,2,2,1,2
1531,1,2,0,2,2,2,2
1532,1,2,0,2,2,0,2
1533,1,2,0,2,1,1,2
1534,1,2,0,2,1,2,0
1535,1,2,0,2,1,0,1
1536,1,2,0,2,0,1,2
1537,1,2,0,2,0,2,1
1538,1,2,0,2,0,0,3
1539,1,2,1,0,2,1,2
1540,1,2,1,0,2,2,2
1541,1,2,1,0,2,0,2
1542,1,2,1,0,1,1,2
1543,1,2,1,0,1,2,2
1544,1,2,1,0,1,0,2
1545,1,2,1,0,0,1,2
1546,1,2,1,0,0,2,2
1547,1,2,1,0,0,0,2
1548,1,2,1,1,2,1,2
1549,1,2,1,1,2,2,0
1550,1,2,1,1,2,0,1
1551,1,2,1,1,1,1,2
1552,1,2,1,1,1,2,0
1553,1,2,1,1,1,0,1
1554,1,2,1,1,0,1,2
1555,1,2,1,1,0,2,1
1556,1,2,1,1,0,0,3
1557,1,2,1,2,2,1,2
1558,1,2,1,2,2,2,0
1559,1,2,1,2,2,0,1
1560,1,2,1,2,1,1,2
1561,1,2,1,2,1,2,1
1562,1,2,1,2,1,0,3
1563,1,2,1,2,0,1,2
1564,1,2,1,2,0,2,1
1565,1,2,1,2,0,0,3
1566,1,2,2,0,2,1,2
1567,1,2,2,0,2,2,2
1568,1,2,2,0,2,0,2
1569,1,2,2,0,1,1,2
1570,1,2,2,0,1,2,2
1571,1,2,2,0,1,0,2
1572,1,2,2,0,0,1,2
1573,1,2,2,0,0,2,2
1574,1,2,2,0,0,0,2
1575,1,2,2,1,2,1,2
1576,1,2,2,1,2,2,0
1577,1,2,2,1,2,0,1
1578,1,2,2,1,1,1,2
1579,1,2,2,1,1,2,1
1580,1,2,2,1,1,0,3
1581,1,2,2,1,0,1,2
1582,1,2,2,1,0,2,1
1583,1,2,2,1,0,0,3
1584,1,2,2,2,2,1,2
1585,1,2,2,2,2,2,0
1586,1,2,2,2,2,0,1
1587,1,2,2,2,1,1,2
1588,1,2,2,2,1,2,1
1589,1,2,2,2,1,0,3
1590,1,2,2,2,0,1,2
1591,1,2,2,2,0,2,1
1592,1,2,2,2,0,0,3
1593,1,2,3,0,2,1,2
1594,1,2,3,0,2,2,2
1595,1,2,3,0,2,0,2
1596,1,2,3,0,1,1,2
1597,1,2,3,0,1,2,2
1598,1,2,3,0,1,0,2
1599,1,2,3,0,0,1,2
1600,1,2,3,0,0,2,2
1601,1,2,3,0,0,0,2
1602,1,2,3,1,2,1,2
1603,1,2,3,1,2,2,0
1604,1,2,3,1,2,0,1
1605,1,2,3,1,1,1,2
1606,1,2,3,1,1,2,1
1607,1,2,3,1,1,0,3
1608,1,2,3,1,0,1,2
1609,1,2,3,1,0,2,1
1610,1,2,3,1,0,0,3
1611,1,2,3,2,2,1,2
1612,1,2,3,2,2,2,0
1613,1,2,3,2,2,0,1
1614,1,2,3,2,1,1,2
1615,1,2,3,2,1,2,1
1616,1,2,3,2,1,0,3
1617,1,2,3,2,0,1,2
1618,1,2,3,2,0,2,1
1619,1,2,3,2,0,0,3
1620,1,1,0,0,2,1,2
1621,1,1,0,0,2,2,2
1622,1,1,0,0,2,0,2
1623,1,1,0,0,1,1,2
1624,1,1,0,0,1,2,2
1625,1,1,0,0,1,0,2
1626,1,1,0,0,0,1,2
1627,1,1,0,0,0,2,2
1628,1,1,0,0,0,0,2
1629,1,1,0,1,2,1,2
1630,1,1,0,1,2,2,0
1631,1,1,0,1,2,0,1
1632,1,1,0,1,1,1,2
1633,1,1,0,1,1,2,0
1634,1,1,0,1,1,0,1
1635,1,1,0,1,0,1,2
1636,1,1,0,1,0,2,1
1637,1,1,0,1,0,0,3
1638,1,1,0,2,2,1,2
1639,1,1,0,2,2,2,2
1640,1,1,0,2,2,0,2
1641,1,1,0,2,1,1,2
1642,1,1,0,2,1,2,0
1643,1,1,0,2,1,0,1
1644,1,1,0,2,0,1,2
1645,1,1,0,2,0,2,1
1646,1,1,0,2,0,0,3
1647,1,1,1,0,2,1,2
1648,1,1,1,0,2,2,2
1649,1,1,1,0,2,0,2
1650,1,1,1,0,1,1,2
1651,1,1,1,0,1,2,2
1652,1,1,1,0,1,0,2
1653,1,1,1,0,0,1,2
1654,1,1,1,0,0,2,2
1655,1,1,1,0,0,0,2
1656,1,1,1,1,2,1,2
1657,1,1,1,1,2,2,0
1658,1,1,1,1,2,0,1
1659,1,1,1,1,1,1,2
1660,1,1,1,1,1,2,0
1661,1,1,1,1,1,0,1
1662,1,1,1,1,0,1,2
1663,1,1,1,1,0,2,1
1664,1,1,1,1,0,0,3
1665,1,1,1,2,2,1,2
1666,1,1,1,2,2,2,0
1667,1,1,1,2,2,0,1
1668,1,1,1,2,1,1,2
1669,1,1,1,2,1,2,1
1670,1,1,1,2,1,0,3
1671,1,1,1,2,0,1,2
1672,1,1,1,2,0,2,1
1673,1,1,1,2,0,0,3
1674,1,1,2,0,2,1,2
1675,1,1,2,0,2,2,2
1676,1,1,2,0,2,0,2
1677,1,1,2,0,1,1,2
1678,1,1,2,0,1,2,2
1679,1,1,2,0,1,0,2
1680,1,1,2,0,0,1,2
1681,1,1,2,0,0,2,2
1682,1,1,2,0,0,0,2
1683,1,1,2,1,2,1,2
1684,1,1,2,1,2,2,0
1685,1,1,2,1,2,0,1
1686,1,1,2,1,1,1,2
1687,1,1,2,1,1,2,1
1688,1,1,2,1,1,0,3
1689,1,1,2,1,0,1,2
1690,1,1,2,1,0,2,1
1691,1,1,2,1,0,0,3
1692,1,1,2,2,2,1,2
1693,1,1,2,2,2,2,0
1694,1,1,2,2,2,0,1
1695,1,1,2,2,1,1,2
1696,1,1,2,2,1,2,1
1697,1,1,2,2,1,0,3
1698,1,1,2,2,0,1,2
1699,1,1,2,2,0,2,1
1700,1,1,2,2,0,0,3
1701,1,1,3,0,2,1,2
1702,1,1,3,0,2,2,2
1703,1,1,3,0,2,0,2
1704,1,1,3,0,1,1,2
1705,1,1,3,0,1,2,2
1706,1,1,3,0,1,0,2
1707,1,1,3,0,0,1,2
1708,1,1,3,0,0,2,2
1709,1,1,3,0,0,0,2
1710,1,1,3,1,2,1,2
1711,1,1,3,1,2,2,0
1712,1,1,3,1,2,0,1
1713,1,1,3,1,1,1,2
1714,1,1,3,1,1,2,1
1715,1,1,3,1,1,0,3
1716,1,1,3,1,0,1,2
1717,1,1,3,1,0,2,1
1718,1,1,3,1,0,0,3
1719,1,1,3,2,2,1,2
1720,1,1,3,2,2,2,0
1721,1,1,3,2,2,0,1
1722,1,1,3,2,1,1,2
1723,1,1,3,2,1,2,1
1724,1,1,3,2,1,0,3
1725,1,1,3,2,0,1,2
1726,1,1,3,2,0,2,1
1727,1,1,3,2,0,0,3
